id,institution,programme_name,programme_type,status,delivery_mode,institution_location,country,timezone,languages,arabic_entry_level,gender,study_load,duration_years,schedule,curriculum,jurisprudence_school,theology_school,qualification,accreditation,entry_requirements,tuition_amount,tuition_currency,tuition_period,tuition_notes,financial_aid,subjects,texts,tags,official_url,syllabus_url,source_urls,last_verified,notes
binoria-programme,Binoria,,,draft,in-person,Pakistan,Pakistan,,Arabic,Level 1 Arabic,unknown,full-time,6,,Dars Nizami,Hanafi,Maturidi,,,,,,,,,Ahadith; Arabic Grammar; Arabic Language; Arabic language and Hadith; Biography of the Prophet; Dialogues; Doctrine; Doctrines; Fundamentals of Hadith; Grammar; Grammar and its application; Hadith-I; Hadith-II; Hadith-III; Hadith-IV; Hadith-V; Hadith-VI; Hadith-VII; Hadith-VIII; Hadiths; Hanafi jurisprudence; Hanafi jurisprudence of Ibaadat (worship); Hanafi jurisprudence of Muamalat (transactions); Hisstory/Biography of the Prophet (SAW); Holy Quran; Logic; Maliki jurisprudence; Maliki jurisprudence of Ibaadat (worship); Maliki jurisprudence of Muamalat (transactions); Memorization of Ahadith; Morphological application; Morphology; Morphology with its application; Principles of academic research; Principles of Hanafi jurisprudence; Principles of Maliki jurisprudence; Principles of Shafi’i jurisprudence; Quran Instruction and Hifz (Memorization); Reading Nazira; Rhetoric/Eloquence; Rules of recitation (Tajweed); Sciences of the Quran + Science of Rules of Inheritance; Selected hadiths; Shafi’i jurisprudence; Shafi’i jurisprudence of Ibaadat (worship); Shafi’i jurisprudence of Muamalat (transactions); Tajweed; The Holy Quran,Aasaarus Sunan; Al Ahadith al Muntakhaba; Al Balagha al Wazhiha; Al Hussami; Al Itqan fi Ulum al-Quran; Al Jawahir al Kalamiyya; Al Manzuma al Baiquniyya; Al Nahw al Kafi; Al Nahw al Muyassar; Al Nahw al Wadih; Al Qaida Al-Nooraniyah; Al Qudouri; Al Siraji; Anwar Al-Masalik; Aqrab al Salik – Al Ibadat; Aqrab al Salik – Transactions 1; Aqrab al Salik – Transactions 2; Arabic language dialogues; Bulugh al Maram; Conclusion in academic research; Durus al Lughat al Arabiyya; Hadiyyatul Aabaqi wal Azwaaji fi Aqidati Ahlis Sunnati wal Jama’ati; Hidaya; Hidaya 2; Hidaya 3; Hidaya 4; Hidayatul Mustafeed; Hidayatun Nahw; Ilmus Sigha; Iqna d Zameer; Irshad al-Salik; Kanz Al-Raghibin; Kanz Al-Raghibin 2; Kanz Al-Raghibin 3; Kanz Al-Raghibin 4; Kitab al Lum’a; Kitabi fil Qira’ati wat Ta’bir; Matn al Risala; Miftah al Wusul; Mishkat al Masabih; Muatta Imam Malik; Mubadiul Usul; Noor al Yaqin; Noorul Yaqin; Sahih Bukhari; Sahih Muslim; Shama’il Tirmizi; Sharah al Waraqat; Sharah Aqida al Awam; Sharah Aqida al Tahawi by Al-Ghunaimi; Sharh Ma’ani Al Aathar; Sharh Mifath Amil; Summary of Takhrij al Ahadith; Sunan Abi Daud; Sunan Ibn Maja; Sunan Nasai; Tasheel al Nahw; Tas’hil al Mantiq; Taysir Mustalah al Hadith; The Holy Quran; Tirmidhi; Usul alShashi,dars-nizami,,,,,
al-bayaan-programme,Al Bayaan,,,draft,unknown,,,,,,unknown,part-time,,,,,,,,,,,,,,,,,,,,,
al-ihsan-part-time-alim-alima-course-alimiyyah-program,Al-Ihsan,Part-Time Alim / Alima Course; Alimiyyah Program,Aalimiyah,draft,online,"Online, Melbourne",Australia,,English; teaching arabic,,unknown,part-time,7,,,Hanafi,,,,,,,,,,Adab; ʿAqīdah; Balāghah; Fiqh; Ḥadīth; Inshā’; Manṭiq; Naḥw; Qirā’ah; Ṣarf; Tafsīr; Tajwīd; Tarjumah al-Qur’an; Uṣūl al-Fiqh; Uṣūl al-Ḥadīth,,,,,,,
hadhramout-university-islamic-studies-program-bachelor-program,Hadhramout University,Islamic Studies Program - Bachelor Program,Aalimiyah,published,in-person,Yemen,Yemen,,Arabic,,unknown,full-time,4,,"University-style Bachelor structure: 4 academic levels/years, 2 semesters each",,,,,,,,,,,Arabic Language (1); Arabic Language (2); Arabic Language (3); Biography of the Caliphs; Communication Skills; Computer Skills; Contemporary Islamic Issues; Dawa and Preachers; English Language (1); English Language (2); English Language (3); Family Jurisprudence; Grammar and Morphology (1); Grammar and Morphology (2); Hadiths about Criminal Rulings; Hadiths about Family Rulings; Hadiths on the Provisions of Worship; Hadiths on the Rulings on Transactions; History of Legislation; Information Systems and Libraries Science; Interpretation (1); Interpretation (2); Interpretation (3); Introduction to Hadith Sciences; Islamic Culture (1); Islamic Culture (2); Islamic Systems; Islamic Thought; Jurisprudence of Inheritance; Jurisprudence of Penalties; Jurisprudence of Transactions; Jurisprudence of Worship; Jurisprudential Rules; Monotheism (1); Monotheism (2); Objective Interpretation; Objectives of Islamic Sharia; Principles of Interpretation and Methods of Interpreters; Principles of Jurisprudence (1); Principles of Jurisprudence (2); Quran Sciences; Recitation and Tajweed; Religion Comparison; Research Methodology; Rhetoric and Quranic Miracles; Science of Ethics and Purification; Terminology of Hadith; The Biography of the Prophet and His Virtues (1); The Biography of the Prophet and His Virtues (2),,university-style-bachelor-structure-4-academic-levels-years-2-semesters-each,https://hu.edu.ye/openfac/en/islamic-studies/#1756369052486-73d1b2d5-e6f9,,https://hu.edu.ye/openfac/en/islamic-studies/#1756369052486-73d1b2d5-e6f9,,
dar-al-mustafa-alamiya-then-alimiyyah-al-takhassus-fil-fiqh,Dar al-Mustafa,"Alamiya, then ʿĀlimiyyah, al-Takhassus fi’l-Fiqh",Aalimiyah,draft,in-person,Yemen,Yemen,,Arabic,See note on years,unknown,full-time,7,,"The curriculum is divided into years and “levels.” Most years have three levels, and each level lists subjects, weekly lessons, and total lessons per level. Years 1–5 usually total 324 lessons per level, while Years 6–7 Takhassus levels total 276 lessons per level.",Shāfiʿī,,,,,,,,"14,899",,Arabic; Arabic - Grammar; Arabic - Practicing Iʿrab; Arabic Grammar; Arabic Spelling; Arithmetic; Astronomy; Calligraphy; Daʿwah; Fatwa Practice; Fiqh; Grammar; Grammar Practice; Hadith; Hadith Terminology; Inheritance; Legal Principles; Legal Theory; Logic; Morphology; Qur’an; Rhetoric; Sirah; Spirituality; Tafsir; Tajwid; Teaching Practise; Theology; Usul al-Tafsir,A Mukhtasar in the Hadawi School; A Mukhtasar in the Hanafi School; A Mukhtasar in the Hanbali School; A Mukhtasar in the Maliki School; Adab al-Bahth wa’l-Munazarah; al-Ajrumiyyah; al-Ashbah wa’l-Naza’ir; al-Da’wah al-Tammah; al-Dhakira al-Musharrafah; al-Durar al-Bahiyyah; al-Durus al-Asasiyyah; al-Fawa’id al-Nahwiyyah; al-Ghayah wa’l-Taqrib; al-Jawhar al-Maknun; al-Kharidah al-Bahiyyah; al-Khulasa fi ʿIlm al-Wadʿ; al-Lumaʿ; al-Majmuʿ; al-Maqulat al-ʿAshr; al-Muqaddimah al-Hadramiyyah; al-Qawa’id al-Asasiyyah; al-Qawa’id al-Fiqhiyyah; al-Risalah al-Jamiʿah; al-Tawaliʿ al-Saʿdiyyah; al-Waraqat; al-Yaqut al-Nafis; Aqidah al-Awwam; Aqidah al-Islam; Bulugh al-Maram; Dhariʿah al-Nahidh; Durus al-Asas; Durus al-Balaghah; Durus al-Sirah al-Nabawiyyah; Durus al-Tawhid; Durus fi’l-Hisab; Fath al-Muʿin; Husn al-Bayan; Ilm al-Tajwid; Iʿrab al-Alfiyyah; Isaguji; Jamʿ al-Jawamiʿ; Jawhara al-Tawhid; Maqasid Halaqat al-Taʿlim; Maqasid al-Shariʿah; Matlab al-ʿIyqaz; Minhaj al-Baydawi; Minhaj al-Talibin; Mulah al-Iʿrab; Mulakhas fi Usul al-Tafsir; Mutammimah al-Ajurumiyyah; Nur al-Iman; Nuzhah al-Nadhar; Proofs of Ahl al-Sunnah; Qawaʿid al-ʿAqaʾid; Qawa’id al-Imla; Qutuf al-Falihin; Riyadh al-Sibyan; Safinah al-Najah; Sharh Ibn ʿAqil; Sharh Ibn Qasim; Sharh al-Mulawi on al-Sullam al-Munawraq; Sharh Qatr al-Nada; Sullam al-Tawfiq; Takmilah Zubdah al-Hadith; Tasrif al-ʿIzzi; Tawjihat al-Tullab; Taysir Ahkam al-Tajwid; Umdah al-Salik,the-curriculum-is-divided-into-years-and-levels-most-years-have-three-levels-and-each-level-lists-subjects-weekly-lessons-and-total-lessons-per-level-years-15-usually-total-324-lessons-per-level-while-years-67-takhassus-levels-total-276-lessons-per-level,,,https://discoveringtarim.com/dar-al-mustafa/,,
dar-ibn-abbas-arabic-full-time-arabic-islamic-sciences-program,Dar Ibn Abbas,Arabic + Full Time Arabic & Islamic Sciences Program,Aalimiyah,published,in-person,Sydney,Australia,,English; teaching arabic,,unknown,full-time,6,,,Hanafi,Maturidi,,,,,,,"17,160",,Arabic Grammar; Arabic Literature; Composition; Fiqh; Hadith; Islamic Theology / ʿAqidah; Morphology; Rhetoric; Speech; Syntax; Tafseer; Tajweed; Tarbiyah & Tasawwuf; Usul al-Fiqh; ʿUlum al-Hadith,,,https://ibnabbas.org.au/course/full-time-arabic-islamic-sciences-program/1702889398,,https://ibnabbas.org.au/course/full-time-arabic-islamic-sciences-program/1702889398; https://ibnabbas.org.au/course/full-time-arabic-intensive-program/1758857671,,
al-balagh-academy-pre-alimiyyah-foundation-course-followed-by-al-balagh-online-alimiyyah-programme,Al Balagh Academy,Pre-Alimiyyah Foundation Course followed by Al Balāgh Online ʿĀlimiyyah Programme,Aalimiyah,published,online,"Online, in UK",United Kingdom,,English; teaching arabic,,unknown,full-time,5.25,,Dars-e-Nizami,Hanafi,Maturidi,,,,,,,"11,493",,Academic English; Academic Research; Advanced Arabic Grammar; Arabic and Western Logic; Arabic Grammar and Application; Arabic Language; Arabic Literature; Arabic Reading and Writing; Arabic Rhetoric; Arabic Speaking; Arabic Writing and Translation; Becoming the Heir of the Prophet ﷺ; Contemporary Fiqh and Fatawa; Critical Thinking and Logic; Daurah Hadith; Dawah Training; Decoding Modern Ideologies and Islamic Worldviews; Fiqh and Contemporary Fiqh Studies; Fiqh for Muslim Minorities; Fiqh Studies; Foundations of Islamic Studies; Fundamental Principles of Islamic Creed; Global Religions; Hadith Literature; Hadith Studies; Hifz; Islamic Emotional Literacy; Islamic Family Law; Islamic Finance and Economics; Islamic Medical Ethics and Law; Islamic Research; Islamic Theology and Aqidah Studies; Islam and Evolution; Islam and Modern World; Islam and Politics; Islam and Science; Islam and Society; Islam and Sociology; Islam Psychology and Counselling; Logic / Mantiq; Management; Menstruation; Modern Standard Arabic; Motivational Skills; Presentation Skills; Public Speaking; Qur’anic Studies; Qur’an Translation and Tafsir; Seerah and Islamic History; Skills Development; Social Media Skills; Tajwid; Tazkiyah Studies; Usul al-Fiqh; Usul al-Tafsir; Western and Social Studies; Zakat Calculation,Al-Adab al-Mufrad; Al-ʿAqīdah al-Ṭaḥāwiyyah; Al Arabiyyah Bayna Yadayk; Al Fiqh al-Akbar; Al Fiqh ul Muyassar; Al-Hidāyah fī Sharḥ Bidāyat al-Mubtadī; Al-Madhhab al-Hanafi; Al-Mirqat; Al-Mūjaz fī Usūl al-Fiqh; Al-Risala al-Qushayriyyah; Al-Sirājī fil Mīrāth; Al-Sīrah al-Nabawiyyah; Al-Sunnah wa Makanatuha fi Tashri al-Islami; Al-Tārīkh al-Islāmī al-Wajīz; Al-Tibyan fi ʿUlum al-Quran; An Approach to the Quranic Sciences; Arabiyyah Bayna Yadayk; Asaan Mantiq; Authority of Sunnah; Bukhari; Buhus Qazaya Fiqhiyyah Muasarah; Diwan al-Mutanabbi; Duroos ul Balagah; Easy Arabic Reader; Fawz ul Kabir; Hayat al-Sahaba; Hidayatun Nahw; Hujjat Allah al-Baligha; Ihya ʿUlum al-Din; Ilm al-Sarf; Ilm us Seeghah; Jami al-Tirmidhi; Kunooz us Sarf; Madarij al-Salikin; Maʿariful Qur’an; Manahil al-Irfan fi ʿUlum al-Quran; Mastering Arabic 1; Mastering Arabic 2; Mastering Arabic Grammar; Mastering Arabic Script; Mastering Arabic Vocabulary and Pronunciation; Mishkat al-Masabih; Mu’atta Imam Malik; Mu’atta Imam Muhammad; Mukhtasar al-Quduri; Musnad Ahmad ibn Hanbal; Musnad Imam Abu Hanifah; Musnad al-Shafi’i; Nafhatul Arab; Nur al-Anwar; Nur al-Idah; Nuzhat al-Nazar wa Nukhbat al-Fikr; Qasas al-Nabiyeen; Qutbi; Riyad al-Salihin; Sahih al-Bukhari; Sahih Muslim; Sharh Ibn Aqil ʿala Alfiyyah Ibn Malik; Sharh al-ʿAqa’id al-Nasafiyyah; Sharh al-Arbaeen; Sharh al-Jami; Sharh Miati Amil; Shama’il al-Tirmidhi; Sunan Abi Dawood; Sunan Ibn Majah; Sunan al-Nasa’i; Sullam al-Ulum; Tafsir Ibn Kathir; Tafsir al-Jalalayn; Takhreej al-Hadith; Talkhis al-Miftah; Tas’heel un Nahw; Taysir Mustalah Hadith; Thematic Learning through Presentations; Usul al-Shashi; Za’ad ut-Talibeen,dars-e-nizami,https://www.albalaghacademy.org/course/pre-alimiyyah-foundation/,https://www.albalaghacademy.org/wp-content/uploads/2023/05/Alimiyyah_Syllabus_2023.pdf,https://www.albalaghacademy.org/course/pre-alimiyyah-foundation/; https://www.albalaghacademy.org/course/al-balagh-online-alimiyyah-programmes/; https://www.albalaghacademy.org/wp-content/uploads/2023/05/Alimiyyah_Syllabus_2023.pdf,,
darul-uloom-zakariyya-aalimiyah-aalimiyyah-course,Darul Uloom Zakariyya,Aalimiyah / Aalimiyyah Course,Aalimiyah,draft,in-person,South Africa,South Africa,,,,unknown,full-time,7,,Dars-e-Nizami,Hanafi,Maturidi,,,,,,,,,Arabic Literature; Arabic/Urdu Writing and Speech; Beliefs; Etymology; Fiqh; Fundamentals of Fiqh; Fundamentals of Hadith; Fundamentals of Tafseer; Hadith; Hadith and Duas; Hifz and Naazirah Qur’an; Laws of Inheritance; Logic; Persian Literature; Qira’at; Qur’an Recitation; Seerah and History; Syntax; Tafseer; Tajweed; Translation of the Qur’an; Urdu Literature,40 Hadith; Aasan Mantiq; Aathar al-Sunan; Al Balagat al-Waadihah; Al Fawzul Kabeer; Al Hidaya 1; Al Hidaya 2; Al Hidaya 3; Al Hidaya 4; Al Mukhtaar; Al Mukhtasar lil Qudoori; Al Muqaddamatul Jazriyyah; Al Qasidah al-Ra’iyyah; Al Qiratul Arabia; Al Sahih lil Bukhari 1; Al Sahih lil Bukhari 2; Al Sahih lil Muslim 1; Al Sahih lil Muslim 2; Al Shaatibiyyah; Al Sunan li Abi Dawood; Al Sunan li Ibn Majah; Al Sunan li Nasaa’ee; Al Sunan lit Tirmizi 1; Al Sunan lit Tirmizi 2; Aqidah al-Tahaawi; Arabi Zubaan ka Qaa’ida; Asan Nahwa; Asan Sarf; As Siraaji; At Tahzeeb; At Tariqatul Asriyyah; Bada al-Amali; Deen ki Baatein; Divan al-Mutanabbee; Fawaa’id Makkiyya; Hamare Nabi; Hidayatun Nahwa; Ijra al-Qiraat; Ilmus Sighaa; Jalalayn 1; Jalalayn 2; Jami al-Waqf; Kanzud Daqaa’iq; Khayrul Usool; Khulasatu Nurul Yaqeen; Maqamaat; Masnoon Duas; Miftaahul Qur’an; Minhaj ul Arabiyya; Mirqaat; Mishkaat 1; Mishkaat 2; Mu’atta Malik; Mu’atta Muhammad; Mueen al-Falsafa; Mueenul Faraa’idh; Nukhbatul Fikr; Noor al-Anwaar; Nurul Iedhah; Qasas un Nabiyyeen; Qawaa’idul Lugat; Riyaadh us Sauliheen 1; Sahl Urdu; Shama’il; Sharah Mi’ata Aamil; Sharh Aqaa’id; Sharh Ma’ani al-Athaar; Ta’leem ul Islam; Tamreen us Sarf; Tasheel ut Tajweed; Umdatus Salik; Urdu ka Qaa’ida; Ussolush Shaashi; Zadut Taalibeen,dars-e-nizami,,,,,
al-azhar-university-programme,Al-Azhar University,,,draft,unknown,,,,,,unknown,part-time,,,,,,,,,,,,,,,,,,,,,
islamic-university-of-madinah-programme,Islamic University of Madinah,,,draft,unknown,,,,,,unknown,part-time,,,,,,,,,,,,,,,,,,,,,
nur-ul-ilm-academy-programme,Nur ul Ilm Academy,,,draft,unknown,,,,,,unknown,part-time,,,,,,,,,,,,,,,,,,,https://nurulilm.com.au/courses/,,
dawat-e-islami-australia-programme,Dawat-e-Islami Australia,,,draft,unknown,,,,,,unknown,part-time,,,,,,,,,,,,,,,,,,,,,
al-imaan-programme,Al Imaan,,,draft,unknown,,,,,,unknown,part-time,5.5,,,,,,,,,,,,,,,,https://alimaanonline.co.uk/alimiyyah-program-overview/,,https://alimaanonline.co.uk/alimiyyah-program-overview/,,
